,xml_link
0,https://www.yummly.com/yummly-pages-recipe-0.xml
1,https://www.yummly.com/yummly-pages-recipe-1.xml
2,https://www.yummly.com/yummly-pages-recipe-2.xml
3,https://www.yummly.com/yummly-pages-recipe-3.xml
4,https://www.yummly.com/yummly-pages-recipe-4.xml
5,https://www.yummly.com/yummly-pages-recipe-5.xml
6,https://www.yummly.com/yummly-pages-recipe-6.xml
7,https://www.yummly.com/yummly-pages-recipe-7.xml
8,https://www.yummly.com/yummly-pages-recipe-8.xml
9,https://www.yummly.com/yummly-pages-recipe-9.xml
10,https://www.yummly.com/yummly-pages-recipe-10.xml
11,https://www.yummly.com/yummly-pages-recipe-11.xml
12,https://www.yummly.com/yummly-pages-recipe-12.xml
13,https://www.yummly.com/yummly-pages-recipe-13.xml
14,https://www.yummly.com/yummly-pages-recipe-14.xml
15,https://www.yummly.com/yummly-pages-recipe-15.xml
16,https://www.yummly.com/yummly-pages-recipe-16.xml
17,https://www.yummly.com/yummly-pages-recipe-17.xml
18,https://www.yummly.com/yummly-pages-recipe-18.xml
19,https://www.yummly.com/yummly-pages-recipe-19.xml
20,https://www.yummly.com/yummly-pages-recipe-20.xml
21,https://www.yummly.com/yummly-pages-recipe-21.xml
22,https://www.yummly.com/yummly-pages-recipe-22.xml
23,https://www.yummly.com/yummly-pages-recipe-23.xml
24,https://www.yummly.com/yummly-pages-recipe-24.xml
25,https://www.yummly.com/yummly-pages-recipe-25.xml
26,https://www.yummly.com/yummly-pages-recipe-26.xml
27,https://www.yummly.com/yummly-pages-recipe-27.xml
28,https://www.yummly.com/yummly-pages-recipe-28.xml
29,https://www.yummly.com/yummly-pages-recipe-29.xml
30,https://www.yummly.com/yummly-pages-recipe-30.xml
31,https://www.yummly.com/yummly-pages-recipe-31.xml
32,https://www.yummly.com/yummly-pages-recipe-32.xml
33,https://www.yummly.com/yummly-pages-recipe-33.xml
34,https://www.yummly.com/yummly-pages-recipe-34.xml
35,https://www.yummly.com/yummly-pages-recipe-35.xml
36,https://www.yummly.com/yummly-pages-recipe-36.xml
37,https://www.yummly.com/yummly-pages-recipe-37.xml
38,https://www.yummly.com/yummly-pages-recipe-38.xml
39,https://www.yummly.com/yummly-pages-recipe-39.xml
40,https://www.yummly.com/yummly-pages-recipe-40.xml
41,https://www.yummly.com/yummly-pages-recipe-41.xml
42,https://www.yummly.com/yummly-pages-recipe-42.xml
43,https://www.yummly.com/yummly-pages-recipe-43.xml
44,https://www.yummly.com/yummly-pages-recipe-44.xml
45,https://www.yummly.com/yummly-pages-recipe-45.xml
46,https://www.yummly.com/yummly-pages-recipe-46.xml
47,https://www.yummly.com/yummly-pages-recipe-47.xml
48,https://www.yummly.com/yummly-pages-recipe-48.xml
49,https://www.yummly.com/yummly-pages-recipe-49.xml
50,https://www.yummly.com/yummly-pages-recipe-50.xml
51,https://www.yummly.com/yummly-pages-recipe-51.xml
52,https://www.yummly.com/yummly-pages-recipe-52.xml
53,https://www.yummly.com/yummly-pages-recipe-53.xml
54,https://www.yummly.com/yummly-pages-recipe-54.xml
55,https://www.yummly.com/yummly-pages-recipe-55.xml
56,https://www.yummly.com/yummly-pages-recipe-56.xml
57,https://www.yummly.com/yummly-pages-recipe-57.xml
58,https://www.yummly.com/yummly-pages-recipe-58.xml
59,https://www.yummly.com/yummly-pages-recipe-59.xml
60,https://www.yummly.com/yummly-pages-recipe-60.xml
61,https://www.yummly.com/yummly-pages-recipe-61.xml
62,https://www.yummly.com/yummly-pages-recipe-62.xml
63,https://www.yummly.com/yummly-pages-recipe-63.xml
64,https://www.yummly.com/yummly-pages-recipe-64.xml
65,https://www.yummly.com/yummly-pages-recipe-65.xml
66,https://www.yummly.com/yummly-pages-recipe-66.xml
67,https://www.yummly.com/yummly-pages-recipe-67.xml
68,https://www.yummly.com/yummly-pages-recipe-68.xml
69,https://www.yummly.com/yummly-pages-recipe-69.xml
70,https://www.yummly.com/yummly-pages-recipe-70.xml
71,https://www.yummly.com/yummly-pages-recipe-71.xml
72,https://www.yummly.com/yummly-pages-recipe-72.xml
